{
    "image_id": "IMG_0001",
    "width": 2592,
    "height": 1728,
    "coco_id": null,
    "flickr_id": null,
    "attributes": [
        {
            "object_id": 1,
            "x": 1295.5,
            "y": 834.888916015625,
            "w": 2591.0,
            "h": 1669.77783203125,
            "names": [
                "ceiling"
            ],
            "synsets": [],
            "attributes": [
                "white",
                "plastered"
            ]

        },
        {
            "object_id": 2,
            "x": 1350.757568359375,
            "y": 464.3939514160156,
            "w": 234.848388671875,
            "h": 253.03033447265625,
            "names": [
                "lighting"
            ],
            "synsets": [],
            "attributes": [
                "white",
                "cylindrical"
            ]
            
        },
        {
            "object_id": 3,
            "x": 901.2658081054688,
            "y": 1263.2911376953125,
            "w": 169.6202392578125,
            "h": 159.49365234375,
            "names": [
                "lighting"
            ],
            "synsets": [],
            "attributes": [
                "white",
                "cylindrical"
            ]
        },
        {
            "object_id": 4,
            "x": 1090.7080078125,
            "y": 903.9822998046875,
            "w": 131.8583984375,
            "h": 112.389404296875,
            "names": [
                "speaker"
            ],
            "synsets": [],
            "attributes": [
                "white",
                "circular"
            ]
        }
    ]
}